ScenarioID,ParallelShift_bps,PnL_DurationEffect_INR,PnL_ConvexityEffect_INR,PnL_Total_INR
1,49.67141530112327,-669320.7311264761,69703.69746565621,-805424.985650375
2,-13.826430117118466,186310.70322350133,5400.859414405859,10770.203955605626
3,64.76885381006925,-872758.231742977,118515.50459878042,-677021.9823631297
4,152.30298564080255,-2052277.8560638656,655329.2924275189,-1169560.456043663
5,-23.415337472333597,315520.9228797851,15489.72079526179,315348.019579805
6,-23.413695694918054,315498.7999816665,15487.54873327358,225558.43098235023
7,157.92128155073914,-2127984.2136002216,704569.868305716,-1522721.7077159893
8,76.74347291529088,-1034115.8408604036,166389.3955778099,-897470.7740543509
9,-46.947438593495214,632615.2321897491,62268.23444656329,414999.9967579005
10,54.25600435859647,-731097.9219163872,83164.57288608549,-580989.0303750932
11,-46.34176928124623,624453.857595573,60671.95205925801,514090.7571226405
12,-46.57297535702568,627569.3520654495,61278.86532039405,680576.6057952767
13,24.19622715660341,-326043.3863778763,16540.097027827404,-656124.3832333665
14,-191.3280244657798,2578139.0049806796,1034189.0170979789,3720865.6976643344
15,-172.4917832513033,2324321.257591811,840581.0030791778,2673027.2061663447
16,-56.22875292409727,757680.6456858837,89322.24910149467,793182.5824097018
17,-101.28311203344238,1364786.6924270107,289812.3049002052,1752538.3334692514
18,31.42473325952739,-423447.2747195049,27898.827186329698,-140162.07717819657
19,-90.8024075521211,1223559.535044204,232936.46159213386,1429403.5188016996
20,-141.23037013352916,1903074.7165543097,563506.51483016,2399691.424789015
21,146.5648768921554,-1974957.0243612733,606879.6318263379,-1403047.821986706
22,-22.577630048653567,304232.84216196206,14401.2255342516,401858.58027676505
23,6.752820468792383,-90994.03964911264,1288.2885714339645,-178667.07465451665
24,-142.4748186213457,1919843.6200909833,573480.918718101,2088271.072327988
25,-54.43827245251827,733553.9786473096,83724.2790324114,661285.5520162479
26,11.09225897098661,-149467.8345542749,3476.023851370963,-240542.61515544183
27,-115.09935774223028,1550960.1610742758,374273.0422273907,1731277.747833212
28,37.569801834567194,-506251.87705534697,39876.82344414847,-559962.4374751896
29,-60.063868991880504,809358.7119314718,101922.33254224306,743859.2333670947
30,-29.16937497932768,393056.39409119944,24037.9259909697,641477.0915676095
31,-60.17066122293969,810797.7338264157,102285.08604719618,876540.1226105008
32,185.22781845089378,-2495938.924206792,969293.2097435789,-1031520.2266080556
33,-1.349722473793392,18187.467127734526,51.467337889604096,-96055.24909965784
34,-105.77109289559003,1425262.090877483,316065.235943184,1523125.2897969126
35,82.2544912103189,-1108376.635969983,191144.5798240701,-855376.7123596526
36,-122.08436499710223,1645082.910233165,421078.28364014556,1493977.4847423276
37,20.886359500475542,-281443.02566535835,12324.469789444702,-42313.02243981661
38,-195.96701238797758,2640649.218731365,1084947.4166676821,3955556.1997497347
39,-132.81860488984304,1789726.4491688032,498379.96480443515,2178545.845884987
40,19.686123586912352,-265269.8851514379,10948.71525694296,-326803.5335196353
41,73.84665799954104,-995081.3526020448,154065.15959235036,-1090028.7581478152
42,17.13682811899705,-230918.21032803302,8296.6664091532,-93304.30628565383
43,-11.564828238824054,155835.69031073665,3778.5147403446026,-23785.83006428824
44,-30.110369558928877,405736.26592868427,25613.853338289307,413034.6790226074
45,-147.85219903674275,1992303.6490504837,617587.2526084983,2628872.1650337307
46,-71.98442083947087,969987.7664830908,146392.8198817426,824016.1539130139
47,-46.063877095978754,620709.2692948375,59946.485179624404,527485.826312363
48,105.71222262189157,-1424468.8158239215,315713.5014887054,-740791.1727262437
49,34.36182895684614,-463024.54522005684,33357.63791044691,-683353.3104707119
50,-176.3040155362734,2375690.965596536,878146.864062571,2879164.6031620633
51,32.4083969394795,-436702.1113183166,29672.7532898293,-325005.2444158843
52,-38.508228041631654,518897.1401551167,41893.805952637456,524512.0539267709
53,-67.69220003059587,912150.2284838965,129455.35053291265,956169.879329977
54,61.16762888408679,-824231.8411459497,105702.6896482103,-718105.9208024584
55,103.0999522495951,-1389268.556179901,300303.0029600838,-831381.4202265465
56,93.12801191161986,-1254896.9793423824,245021.0577270107,-770731.1205313625
57,-83.92175232226386,1130842.926081924,198971.93975493847,1326821.880700309
58,-30.92123758512146,416662.68662453315,27011.98389981757,131907.17315437505
59,33.1263431403564,-446376.41339260305,31002.00194556685,-525878.4694581563
60,97.55451271223592,-1314543.9359317846,268866.98346984654,-936675.4067904103
61,-47.917423784529,645685.7515882554,64867.87457180326,471882.8614112336
62,-18.565897666381712,250174.8767323916,9738.109450403688,828275.8215390112
63,-110.63349740060282,1490782.8359297027,345792.8668705446,1524160.5680559655
64,-119.62066240806708,1611884.5967127143,404254.7697757662,2310309.717553568
65,81.25258223941981,-1094875.9446597197,186516.4284260932,-814294.3325698391
66,135.6240028570823,-1827529.0969723747,519655.9007335813,-974981.8863836935
67,-7.201012158033385,97033.40831435005,1464.9737238166854,527211.2900415991
68,100.3532897892024,-1352257.3674508755,284515.5287750019,-1239210.0896260124
69,36.16360250476341,-487303.3861007809,36947.5904347453,-440613.39598925045
70,-64.51197546051243,869296.8042057583,117577.28526486352,819260.0024678129
71,36.139560550841395,-486979.42154130054,36898.48044945038,-491561.45737710147
72,153.80365664659692,-2072499.3498282253,668307.0898889785,-1510428.2821587194
73,-3.582603910995154,48275.473016159915,362.6104686450126,25192.18864697205
74,156.4643655814006,-2108352.3175514396,691629.6989242355,-1096543.8982173107
75,-261.9745104089744,3530098.141565742,1938924.1571820779,5183091.324199055
76,82.1902504375224,-1107510.993612993,190846.12851071497,-754413.6460822972
77,8.704706823817123,-117295.64580027474,2140.6765121471835,155531.07448272983
78,-29.90073504658675,402911.44758558774,25258.43719487189,412508.0426081485
79,9.17607765355023,-123647.35264164438,2378.7943982791185,-405882.928707748
80,-198.7568914600893,2678242.749919877,1116058.9598432006,3557241.5796550508
81,-21.967188783751194,296007.1656585388,13633.008686693036,368085.03023641225
82,35.71125715117464,-481208.04694142233,36029.067742368614,-400585.08494858
83,147.7894044741516,-1991457.4943297158,617062.7709133523,-1132973.4765218936
84,-51.827021827364746,698367.4600633968,75884.88032483391,498280.522769143
85,-80.84936028931877,1089442.5417898446,184669.81864478206,1196735.9310139224
86,-50.17570435845366,676116.0100309574,71126.21566800005,723543.378854005
87,91.54021177020742,-1233501.4232647028,236737.23579444154,-1119921.8497268143
88,32.875110965968446,-442991.0678850424,30533.54303111229,-433008.15594305616
89,-52.97602037670388,713850.1787345827,79286.89448240271,850576.6231915465
90,51.32674331133561,-691626.2230745665,74426.9402148627,-656066.447110571
91,9.707754934804038,-130811.68698675593,2662.443225035415,-132346.89424136898
92,96.86449905328894,-1305246.0239658412,265076.9838551369,-1005612.0910555259
93,-70.20530938773524,946014.2966229669,139245.9786848575,860529.2937156355
94,-32.76621465977682,441523.6936450436,30331.597969021765,526416.7471407019
95,-39.21081531321576,528364.481148845,43436.46684739611,331839.3203016804
96,-146.35149481321187,1972081.7076781876,605113.8203509054,2525266.438040648
97,29.612027706457607,-399021.1254193006,24773.024998329638,-422965.01594418584
98,26.105527217988932,-351771.1435855008,19253.411089278525,155500.4603621164
99,0.511345664246089,-6890.366456777931,7.3870646948143985,-78299.06909076206
100,-23.458713337514695,316105.41127457423,15547.16197932011,192379.00667135022
101,-141.53707420504142,1907207.5440998825,565956.6593112659,2176300.6548123453
102,-42.0645322765359,566818.2258778434,49989.0490682933,1237519.5249238529
103,-34.27145165267695,461806.71393948945,33182.39644033834,123598.38812149806
104,-80.22772692216189,1081066.052066818,181840.96270006592,1170079.373640927
105,-16.128571166600914,217331.98017030535,7349.106423273741,80640.23249891891
106,40.40508568145384,-544457.2361304756,46122.709359798464,-388104.7056742864
107,188.61859012105302,-2541629.4639185243,1005105.6987197967,-1499701.5289665824
108,17.4577812831839,-235243.0439412608,8610.35075048168,-53478.318548990246
109,25.755039072276436,-347048.3270416737,18739.895851372276,-167559.34056255026
110,-7.444591576616721,100315.63318241968,1565.7574974482704,-326512.65928543056
111,-191.87712152990414,2585538.070342338,1040133.6248152857,3606280.4978441363
112,-2.6513875449216875,35727.36229294608,198.60453926784248,2879.6317486572016
113,6.023020994102644,-81160.01508963913,1024.8764189828798,-253486.6337474083
114,246.32421124852863,-3319210.8613681756,1714182.0710068126,-1508653.9397708736
115,-19.236096478112252,259205.7842663961,10453.859045109857,177097.30033094063
116,30.154734233361246,-406334.07849648094,25689.387941900233,-401606.6204816537
117,-3.471176970524331,46773.9985602583,340.4052569781488,-417423.5652229366
118,-116.8678037619532,1574789.914579445,385862.44517358276,1984535.5211206188
119,114.28228145150206,-1539950.084212545,368978.06608805363,-970668.0628215638
120,75.19330326867741,-1013227.3544955319,159735.36361200968,-1011567.1597899683
121,79.1031947043047,-1065913.0164291475,176779.04922287818,-1242189.031366762
122,-90.9387454794739,1225396.6842509022,233636.48524303478,1120714.7230314962
123,140.27943109360993,-1890260.8434323764,555943.6046214255,-1389887.8460517717
124,-140.18510627922808,1888989.8195780593,555196.2156899751,2620489.219000856
125,58.685709380027035,-790788.0552786931,97298.79549912526,-991277.2720344146
126,219.04556258099788,-2951631.9438034673,1355537.9045121,-1296745.52377212
127,-99.05363251306883,1334744.5272589452,277193.830633563,1586263.0815646877
128,-56.629772960277194,763084.3778361581,90600.87410261121,896031.2830012804
129,9.965136508764123,-134279.8954566996,2805.493400437408,-164794.65504563434
130,-50.347565411619925,678431.832220844,71614.29095942841,607937.4537967849
131,-155.06634310661326,2089514.009456467,679325.3747957523,2595646.0377496304
132,6.856297480602733,-92388.38907080347,1328.0733187086007,-173132.56658180786
133,-106.23037137261049,1431450.8536531439,318816.0276165807,1327198.6429511353
134,47.359243063518164,-638164.2842408324,63365.41036528186,-683728.2712140911
135,-91.94242342338032,1238921.2124158118,238822.1700496662,1505576.498979311
136,154.99344050175395,-2088531.6491897088,678686.7713866816,-1483291.5634636777
137,-78.3253292336237,1055431.3041123562,173319.4111809826,945049.8293824426
138,-32.20615162056756,433976.8621201528,29303.56192074652,581186.514851592
139,81.35172173696697,-1096211.8462155643,186971.85828144383,-898993.4261478784
140,-123.08643164339551,1658585.7262143178,428019.0606517603,1989904.0263416069
141,22.74599346041294,-306501.53374585544,14616.808820554696,-232922.13600761315
142,130.71427542824281,-1761370.6770364675,482712.7682816847,-1490957.4920218256
143,-160.74832345612276,2166078.5127774333,730021.500288445,2832974.1473306287
144,18.46338585323042,-248793.53333173413,9630.868174886564,-272360.44614477665
145,25.988279424842354,-350191.2333261275,19080.853717412858,-267622.82272327476
146,78.18228717773103,-1053503.816988192,172686.93821434886,-951129.2550104198
147,-123.6950710878082,1666787.1232443212,432262.4750507644,2369898.0025158976
148,-132.04566130842764,1779311.0591523082,492596.1562149215,2551917.9373489222
149,52.194156561689766,-703314.5888558957,76963.80218081304,-910654.45925024
150,29.698467323318603,-400185.89648944134,24917.864535661356,-74134.07925023575
151,25.049285034587655,-337538.31397605775,17726.92535534769,-97043.09134701005
152,34.64482094969757,-466837.8532647337,33909.3440771731,-104955.73776299071
153,-68.00247215784908,916331.1354663593,130644.80632709677,1138741.922625786
154,23.225369716100356,-312961.1134456937,15239.40528144507,-38787.89609585793
155,29.307247329868126,-394914.2196012322,24265.698972021404,-593258.0485626198
156,-71.43514180263678,962586.2490449935,144167.2349867368,913633.2771792123
157,186.57745111447565,-2514125.1811448014,983469.867920341,-1273050.5341179557
158,47.38329209117875,-638488.3441187136,63429.780626304215,-977615.4388794113
159,-119.13034972026486,1605277.6489402207,400947.5648985952,1659173.312953797
160,65.65536086338297,-884703.8859079651,121782.00843436609,-705064.0685323448
161,-97.46816702273216,1313380.4305297758,268391.24471860006,2110531.6672475208
162,78.7084603742452,-1060593.9839676311,175019.15437444346,-1320398.12113171
163,115.85955790074041,-1561203.833875058,379233.3135703497,-882415.0136593846
164,-82.06823183517105,1105866.7968523065,190279.89365648874,1501531.4743680842
165,96.33761292443218,-1298146.250245908,262201.0997429143,-1304372.3555900787
166,41.27809269364983,-556220.9776735589,48137.329202246445,-901225.5096292172
167,82.20601599944901,-1107723.434055275,190919.35094310786,-1093587.9943915992
168,189.67929826539475,-2555922.472208678,1016442.0310078803,-1466883.830734956
169,-24.538811600287048,330659.7007898738,17011.78163180244,233511.3738706943
170,-75.37361643574896,1015657.0686497272,160502.37136524753,934893.2057866316
171,-88.95144296255233,1198617.8464519046,223536.65193432895,1155693.4758318928
172,-81.58102849654384,1099301.747460411,188027.38198908255,1195765.00841516
173,-7.71017094141042,103894.30662142279,1679.4642378144636,103782.11897211292
174,34.11519748166439,-459701.1939870245,32880.5085515494,-408066.5898998311
175,27.669079933001907,-372839.9663686439,21628.787947720382,-127361.01667815441
176,82.71832490360238,-1114626.780138969,193306.3893574248,-973138.22009222
177,1.300189187790702,-17520.00768448271,47.75906844309429,435526.08139972616
178,145.3534077157317,-1958632.5159899003,596888.4603230127,-1282405.6362567842
179,-26.465683323795606,356624.23558211105,19788.32206127071,415646.1575737154
180,272.01691665896186,-3665419.244311906,2090424.9193255575,-1218990.5329882074
181,62.566734776500624,-843084.7482587576,110593.53196993412,-723384.0829672808
182,-85.71575564162825,1155017.0633816347,207569.7503364426,1067614.7573691304
183,-107.08924980611124,1443024.2130505855,323992.158487099,1543101.9233805656
184,48.24724152431853,-650130.035073961,65763.92465065385,-345149.84876048577
185,-22.34627853258509,301115.3878888467,14107.600803600159,659309.9040926349
186,71.4000494092092,-962113.3801669169,144025.62595379632,-1079355.3302422774
187,47.32376245735448,-637686.1842085641,63270.50171157101,-253082.4501415277
188,-7.282891265687278,98136.72666891376,1498.4780947405816,159811.69664720073
189,-84.67937180684049,1141051.8243840632,202580.66940674814,1222154.7609207993
190,-151.48472246858645,2041251.7860120796,648306.5627863677,2764546.1285668314
191,-44.65149520670211,601677.4685492875,56326.758539204486,728762.3628931924
192,85.63987943234723,-1153994.6338904835,207202.4284860692,-670897.7092193362
193,21.409374413020394,-288490.63486941205,12949.431462059496,-289530.3004670548
194,-124.5738778711988,1678629.0165185924,438426.4171845014,2088184.8192298058
195,17.3180925851182,-233360.7432064693,8473.11032101643,87816.8857542605
196,38.531737972883676,-519213.9357261497,41944.975336602074,-498453.59308799927
197,-88.3857436201133,1190995.0659214193,220702.46667520888,1340839.1559137378
198,15.372510594552791,-207144.08816458457,6676.2462776562315,-304262.85679651273
199,5.820871844599989,-78436.06177118693,957.2355568168132,-73368.56119077736
200,-114.29702978306231,1540148.8175082034,369073.3067837362,1545074.5239763497
201,35.77873603482833,-482117.3227385559,36165.35520048218,-581865.3108108043
202,56.07845263682344,-755655.3541262056,88845.36792673741,-539431.0802568966
203,108.30512431752771,-1459408.083169964,331391.0363275639,-1149473.7867985496
204,105.3802052034903,-1419994.8917393375,313733.4509741089,-1069303.477422656
205,-137.7669367957091,1856405.0631968563,536207.3355297216,2382073.965148078
206,-93.78250399151229,1263716.239167664,248477.114582635,1423296.9122119232
207,51.50352672086598,-694008.3738588874,74940.51681589498,-559306.2140441639
208,51.37859509122088,-692324.9241486676,74577.3927234544,-485221.7776745569
209,51.504768630604794,-694025.1085528624,74944.13095596211,-291260.3316054322
210,385.2731490654721,-5191543.350488547,4193534.614415423,-1153427.8772564596
211,57.0890510693167,-769273.1356532876,92076.41364520486,-311256.0040857135
212,113.5565640180599,-1530171.0650282104,364306.76270420384,-1013940.3835234658
213,95.40017634932023,-1285514.3224050188,257123.10371948907,-900340.622807402
214,65.1391251305798,-877747.625933919,119874.43948520301,-871297.7263551087
215,-31.52692446403456,424824.297928946,28080.572589793708,529464.6286755991
216,75.89692204932675,-1022708.5950408939,162738.78686314146,-1089623.0163519876
217,-77.28252145375718,1041379.5026604884,168735.0533032735,1336798.7932005199
218,-23.68186067400089,319112.31449044636,15844.3486458626,272180.39601791115
219,-48.536354782910344,654025.8269785388,66554.44401203259,712752.5123891312
220,8.187413938632256,-110325.14073172619,1893.8092903892975,-514317.0945900178
221,231.4658566673509,-3118995.0090249176,1513619.1793375502,-1226885.9173874895
222,-186.7265192591748,2516133.8696227283,985042.0042440803,3391981.2119936594
223,68.62601903745134,-924733.4097083333,133051.67907398578,-936758.0342398697
224,-161.27158711896516,2173129.473883784,734781.9288125979,2757447.0416945457
225,-47.19318657894335,635926.6784269029,62921.831056849915,758497.5170222181
226,108.89505969673661,-1467357.4435200917,335011.02638575877,-1146220.8539693137
227,6.428001909546277,-86617.11996119836,1167.3329408088466,-192374.135966119
228,-107.77447779293061,1452257.6382378056,328151.65673073265,1798532.0120680167
229,-71.53037092599682,963869.4584338437,144551.86557519296,1013723.2998708596
230,67.95977489346758,-915755.7911956218,130480.79980052251,-1263825.723213541
231,-73.03666317171367,984166.6982262146,150703.93543422967,1258271.1434646756
232,21.645858958197486,-291677.25654545,13237.08615133661,-50987.21764373672
233,4.557183990381379,-61407.908388125965,586.7267281371605,99807.86967748309
234,-65.16003476058171,878029.3825288463,119951.41111995652,387247.6970495712
235,214.39440893253257,-2888957.7972807693,1298582.834196016,-1236061.1395955852
236,63.39190223180112,-854203.8533040897,113529.9155731852,-1087834.4224070082
237,-202.5142586657607,2728873.1527373656,1158654.5190378581,3450441.1396345897
238,18.645431476942765,-251246.59228370574,9821.721663756558,-53561.17805292168
239,-66.1786464768388,891755.1427981288,123730.99567172863,897930.7753389899
240,85.2433334796224,-1148651.1898715443,205288.0153331986,-1274247.3036972345
241,-79.25207384327005,1067919.1580608622,177445.10271906783,1273614.1569613793
242,-11.473644146689903,154606.9875881679,3719.165453583206,151403.31591747317
243,50.49872789804572,-680468.7418864947,72044.9630352708,-608321.9858947529
244,86.57551941701215,-1166602.3527326107,211754.6512034661,-597364.8427386764
245,-120.02964070557762,1617395.5661796632,407023.7572560911,1978096.142889862
246,-33.45012358409484,450739.3445072832,31610.99747385882,702107.1887796057
247,-47.494531116095615,639987.2864185412,63727.95109787572,737298.6140605203
248,-65.33292325737119,880359.0494886655,120588.78743480472,1216699.8052234226
249,176.54542402810972,-2378943.9372961842,880553.3577213057,-1442903.0671302944
250,40.498171096095554,-545711.5591129697,46335.469559350284,-234726.12981951438
251,-126.08839543350452,1699037.0921886938,449151.63286839216,2028073.3164917715
252,91.78619470547761,-1236816.0354431875,238011.24554518086,-1226872.8889543829
253,212.21561970126334,-2859598.682135713,1272323.1785087483,-979667.2882093745
254,103.24652605511469,-1391243.633517231,301157.4716855106,-1111987.1663907582
255,-151.93699659540135,2047346.1653929402,652183.5213126398,2468025.6408661064
256,-48.423407286625135,652503.8630817136,66245.05071807443,909619.6955211746
257,126.69111491866227,-1707158.717957244,453455.9062461641,-1586925.3717480407
258,-70.76694656187807,953582.3395656972,141482.8048902679,1006083.8558133168
259,44.381942814622846,-598045.258694794,55648.74388435308,-193537.92404944653
260,77.46340534293368,-1043816.9072767785,169525.844562568,-838518.3833452963
261,-92.6930471578083,1249035.8432086427,242737.6064765933,1302759.8279302197
262,-5.9525356061800085,80210.22674372411,1001.0292104869441,34190.050218823286
263,-324.12673400690727,4367597.3649624195,2968058.4763314836,6977337.266590538
264,-102.43876413342899,1380359.0674801813,296463.6200629722,1885477.7087256182
265,-25.256815139316032,340334.77549392416,18021.872708583192,263327.07329918694
266,-124.77831819648495,1681383.8433573835,439866.61619273457,2255277.868848644
267,163.24113039316353,-2199669.0064555863,752838.695872644,-1215688.5312707336
268,-143.01413779606327,1927110.9287058907,577830.8051772127,2590544.207016301
269,-44.00444866969838,592958.537176088,54706.12015098194,808233.3808653117
270,13.074057728609136,-176172.5093729015,4829.070472908847,-405378.0073273432
271,144.12732890661155,-1942111.1432856198,586861.2343510366,-1525326.607063035
272,-143.58621511794394,1934819.6523051837,582462.8654257187,2358611.332018143
273,116.31637521549595,-1567359.4325679846,382229.7323001099,-860739.5642646699
274,1.0233061019587049,-13789.016966337496,29.583794321428286,47391.05900128694
275,-98.1508651047951,1322579.7653313891,272164.2076237842,1381334.2071798402
276,46.210347426327075,-622682.9523075472,60328.317610095255,-489849.1859073426
277,19.905969557347003,-268232.30256544705,11194.62159308989,-757948.385495201
278,-60.021687715879466,808790.3205876435,101779.22806032153,884113.5991869379
279,6.9802084990018916,-94058.08607715544,1376.5105274350353,-175065.7410600605
280,-38.53135968617602,519208.8383248735,41944.15174807119,570395.5696398169
281,11.351734525124803,-152964.25934008718,3640.5516659701825,-46958.90898490972
282,66.21306745210467,-892218.9643379695,123859.73958999221,-656336.2929543763
283,158.6016816145352,-2137152.5826792517,710654.1920583039,-1573388.990278244
284,-123.7815498826849,1667952.4222369695,432867.10068119713,1918084.1894550435
285,213.30333746562667,-2874255.6441910393,1285399.2679086707,-1291964.2725260917
286,-195.20877995225018,2630432.060932091,1076567.9365184377,3841428.321310592
287,-15.178509503558333,204529.92967369882,6508.801103712671,513510.2808995572
288,58.831720648457654,-792755.5524467571,97783.56066619325,-748752.4584253706
289,28.099186773503266,-378635.64227603766,22306.439196834282,-79585.36042974493
290,-62.269951982059375,839085.6096041222,109546.82841246459,1244959.2764198591
291,-20.812225035727522,280444.06612603366,12237.13561563805,80548.26917504435
292,-49.300093465883286,664317.1812831835,68665.44391273719,141330.76161565047
293,-58.93647569442115,794167.1233377497,98132.09512501152,857842.6659069987
294,84.96020970210247,-1144836.1060326784,203926.60924754455,-1007693.5166151444
295,35.701548596504736,-481077.22447803064,36009.48049429321,-384140.66794636316
296,-69.29095952606542,933693.4615066702,135642.5349765363,1016954.6335915313
297,89.95998754332508,-1212207.9523927998,228634.37143636122,-1151546.1457561948
298,30.729952087660934,-414085.12066958693,26678.81362042774,-414249.84096124175
299,81.28621188389602,-1095329.1030425015,186670.85500708676,-967645.6083025461
300,62.96288419236122,-848422.848956145,111998.4402666121,-661584.457407938
301,-82.89950109220723,1117068.123480699,194154.10646079923,1327661.9530358906
302,-56.018104019696956,754842.1584422755,88654.24959673954,688923.6262501418
303,74.72936051232618,-1006975.7407051992,157770.309857163,-749400.1320189349
304,61.03702654334649,-822471.97878525,105251.78837843763,-553808.8532855331
305,-2.0901593964148133,28164.830957566857,123.42455227447135,-222284.6208086199
306,11.732738330878199,-158098.27342611356,3889.0320000190113,-191381.23659665853
307,127.7664895788425,-1721649.3570788242,461186.59128607926,-1245317.152556386
308,-59.157138883582995,797140.5527479475,98868.3006170725,881231.7809195857
309,54.709738117003795,-737211.9697862309,84561.37158479716,-879860.6678276355
310,-20.219265243389405,272453.9519058058,11549.773988664092,115812.58205008629
311,-21.76812032272203,293324.7245186494,13387.041368447011,323687.0044013049
312,109.877685198719,-1480598.2907039952,341084.3160299836,-1375655.077221495
313,82.54163489880298,-1112245.8879804078,192481.44933889457,-1171926.4311183286
314,81.35096360006385,-1096201.630345064,186968.37342329754,-1015174.424473703
315,130.5478807154329,-1759128.5136078973,481484.5974585165,-1261777.8593643836
316,2.100384163275905,-28302.609363710017,124.63505708721641,204276.0494677014
317,68.1952971294964,-918929.4457866916,131386.7586818653,-600925.5057943359
318,-31.026675659345603,418083.46129947336,27196.51386227709,534655.7703155234
319,32.41663524884421,-436813.1222732855,29687.841008739662,-229467.3646644174
320,-13.014305436768458,175367.34915310846,4785.030793800106,289490.05451300275
321,9.699596499271818,-130701.75232912294,2657.9700498899037,-165868.0074009798
322,59.51570254369137,-801972.1865897496,100070.45532092673,-833281.8708926508
323,-81.82206832334725,1102549.751410542,189140.11721416772,1231986.2320366367
324,209.23872756854604,-2819485.1559421085,1236878.0640568784,-1694230.6155687212
325,-100.6017381499702,1355605.2011590183,285926.04393828544,1578600.363967033
326,-121.41886127877322,1636115.2689324494,416500.0499929327,2337732.698569818
327,115.81108735000679,-1560550.694755537,378916.07081780955,-858276.1588222836
328,79.16626939629359,-1066762.9458845826,177061.07903431752,-793601.285688088
329,62.41198170521552,-840999.4555770677,110047.12266817235,-508169.720234325
330,62.834550926427994,-846693.5623058341,111542.34687488049,-883880.4282273393
331,-1.2246772846914624,16502.48720746921,42.37269353977899,-268228.0681600038
332,-89.72543714858317,1209047.3933319608,227443.70046559535,1153622.3996192333
333,7.580455819372634,-102146.39950433835,1623.4293324489554,54267.08964518947
334,-67.71617115121117,912473.2385668361,129547.05206633487,736369.0318809428
335,97.51197334177512,-1313970.719276574,268632.55170020484,-1089656.7325199808
336,-14.705738150213865,198159.35082149896,6109.651017857919,222996.95658772072
337,-82.54971967925115,1112354.8301381408,192519.15749604395,1349970.3505299056
338,-32.13858416529935,433066.39282334875,29180.73506584094,502863.74251193635
339,41.29314542756243,-556423.8127811706,48172.44373776892,-410652.7900955824
340,-56.372455280397475,759617.030336902,89779.38958851097,834311.2793510706
341,-82.22203955664314,1107939.350975528,190993.7860133811,1175742.9543274473
342,24.36872114919123,-328367.7374062069,16776.76508855808,-330045.1450113735
343,24.496657110872277,-330091.6703944379,16953.38377469656,-423101.31329311314
344,-50.69431753711297,683104.3060118096,72604.12710660801,530493.3898699858
345,-47.103830561832275,634722.6089567507,62683.783074683044,638309.3060319605
346,23.204993735763633,-312686.54776292195,15212.677473442047,-68192.25559499895
347,-144.80843414973242,1951289.0146334777,592421.0228431555,3014390.4886167683
348,-140.74637743765553,1896552.9304707411,559650.8892647729,2260960.573938134
349,-71.8444221252436,968101.2882904463,145823.95021019212,1300826.0417986712
350,-21.344715171184724,287619.35365551524,12871.331464977877,362593.6149684157
351,31.09075655980046,-418946.94938177726,27308.97043595469,-218494.1443150591
352,147.53562169495518,-1988037.77950401,614945.3600008744,-983914.5089258866
353,85.76596232020194,-1155693.5967682244,207812.98309434345,-1061622.9259835114
354,-15.993852996342712,215516.65713860586,7226.8484379375295,160962.04559879002
355,-1.901620790268883,25624.27927515271,102.1622808904649,53120.537879345386
356,-100.2529364637809,1350905.1096032802,283946.7820311375,2082417.0247290563
357,-1.851313599238993,24946.39148643323,96.82839417885043,159390.57594329433
358,-28.865863892013834,388966.5919054884,23540.293092664157,309672.491690269
359,32.271856033808945,-434862.2269852841,29423.249448824907,32471.927232449627
360,-82.7230943552323,1114691.0483470047,193328.68168635317,1200765.6970926793
361,51.93465142411723,-699817.7654342524,76200.38908821472,-520969.0354759813
362,153.27389130025776,-2065360.7787448852,663711.1498172092,-1343592.8092315788
363,-10.87601484568576,146553.9518881432,3341.8144319435814,229356.5453260796
364,40.17117220989415,-541305.2595891283,45590.227183448034,-361064.88802651735
365,69.01439917111125,-929966.8195767726,134561.91826866195,-954362.011878894
366,-40.12204718858363,540643.3014995343,45478.791477137944,488025.20520942536
367,22.40924818104168,-301963.90188604675,14187.220531326486,-232812.09837764179
368,1.259240078179486,-16968.219743313708,44.7981234362378,291730.6474853569
369,9.767609854883172,-131618.23011877688,2695.3759906421037,44111.533892552354
370,-77.30097838554666,1041628.2092255176,168815.65893568506,1259759.7043620672
371,2.451017425894271,-33027.381353198296,169.72098542419553,13986.69793185266
372,49.79982912454497,-671051.1032863654,70064.56854196591,-878063.4972495437
373,145.11436077950418,-1955411.366176484,594926.7996886976,-1025612.0331270696
374,95.92708260852069,-1292614.3673806891,259971.18876916415,-698690.5087254753
375,215.31824575115564,-2901406.4688383196,1309798.2700789825,-1856679.1535557376
376,-76.73475628880496,1033998.384597538,166351.60026334762,1100097.075582252
377,87.23206367206781,-1175449.2655525238,214978.50599937234,-757618.4307676421
378,18.334200573835176,-247052.76582729685,9496.568454147637,-340932.5358419773
379,218.98029332176722,-2950752.442624701,1354730.202476487,-1335878.7785896612
380,-80.82982853551515,1089179.3520325816,184580.60359754832,850588.8769062808
381,-83.9721842180776,1131522.4942636138,199211.15180500154,1222304.2080619654
382,-59.939264544402214,807679.6709904764,101499.88880397787,1044749.4963186963
383,-212.38957243098068,2861942.689600168,1274409.8750465289,3575159.6470228797
384,-52.575502168076106,708453.2086945093,78092.55025707209,884392.2871002936
385,-75.9132661553698,1022928.8313466249,162808.88473559555,997366.0872861296
386,15.039378647620763,-202655.14584372647,6390.024661324103,-194197.2907767657
387,34.17559757771594,-460515.08334782196,32997.039839092875,-653416.1486436221
388,187.61708392158863,-2528134.1999404505,994460.4365653894,-1684800.5048999256
389,95.04238381860503,-1280693.0795071048,255198.07138831494,-1047782.3619552434
390,-57.69036556624031,777375.8292503584,94026.29611203575,918693.845698195
391,-89.8414671348358,1210610.8936824219,228032.32625121297,1433758.760707129
392,49.191917150650575,-662859.5088983082,68364.43737099762,-368304.5887943558
393,-132.0233207020642,1779010.0201967175,492429.48711330746,1910733.1582522306
394,183.1458765854354,-2467884.824215808,947626.1512589301,-1409145.4706863784
395,117.9440120721287,-1589291.787108025,393001.8011188167,-1058322.2917843575
396,-46.917565210470485,632212.6893097826,62189.01517290808,737605.9296682948
397,-171.31345290908774,2308443.2939505703,829135.8318494861,3386032.0260024145
398,135.3872374165413,-1824338.6902402998,517843.10712455725,-973148.186240625
399,-11.453984525261788,154342.0748187579,3706.431096114393,-101811.40137634806
400,123.78163119734617,-1667953.5179494272,432867.6694000934,-1046977.9780229909
401,-159.4427658794367,2148486.166224436,718211.5514027351,3046961.44718219
402,-59.93750229537729,807655.9247412777,101493.92058090994,759460.6957946663
403,0.5243699718183166,-7065.868584386168,7.768163794861721,-204113.7575080651
404,4.698059376474205,-63306.19970609538,623.5621551806107,-184243.73003382073
405,-45.006547147924366,606461.7820915148,57226.098498327076,322990.2550226622
406,62.28499323474988,-839288.2900026337,109599.7566861501,-643329.3844960139
407,-106.76204293825944,1438615.1109806628,322015.2933733815,2083345.1053631413
408,-14.237948502129349,191855.9002882051,5727.1371353975555,-168131.48129341836
409,12.029563171189887,-162097.97864750726,4088.2972147950204,-145612.43501036929
410,51.4438834058749,-693204.6820986541,74767.04858640255,-460589.7959721759
411,71.16148780888898,-958898.7702393148,143064.7979420788,-1103400.395360522
412,-112.46420918378692,1515451.618604291,357331.59204082587,1595598.633323522
413,-153.41141707356223,2067213.9341377574,664902.7205133531,2644453.1472798544
414,127.76768218985092,-1721665.4274739854,461195.2010361713,-1562415.1454587341
415,33.231401197959165,-447792.0673557351,31198.955457215605,-344333.1834759142
416,-74.84865365565537,1008583.2119928083,158274.42064595118,924938.9801401529
417,155.11519755225228,-2090172.3215475492,679753.4921030165,-1383351.7706063981
418,11.567463429285867,-155871.19941785323,3780.23690002106,-224163.02840051908
419,117.92971840638265,-1589099.1804196585,392906.5509082328,-1469636.0992607244
420,6.751848141010895,-90980.93756338276,1287.917600936038,-92781.18064109553
421,206.0747924881987,-2776851.232016714,1199754.7807355674,-1655827.8204762011
422,175.53408424432044,-2365316.1660841205,870493.7606096384,-1704109.2697916925
423,-24.89641484790735,335478.39310414356,17511.21864982258,429639.5515466867
424,97.15709509543554,-1309188.7462673308,266680.82467491785,-823354.1117106616
425,64.53759495851475,-869642.0261212212,117670.69022205845,-401922.1789133256
426,136.86315575323488,-1844226.6425808966,529195.1387099759,-891099.2466575139
427,-96.49234605801044,1300231.2742676365,263044.0473388394,1064081.8281349638
428,68.60514599984394,-924452.1461947506,132970.75436380657,-532687.9172718023
429,105.84244868495877,-1426223.6078550213,316491.8306056529,-1092840.4269927219
430,-175.87394864231143,2369895.827967482,873867.8773511262,3234567.701437575
431,-118.32585126657752,1594437.0580299802,395550.5766081463,1828999.4427075973
432,-203.92321777601006,2747858.8316450906,1174832.893469303,3730596.947834758
433,-26.940683444455775,363024.8470025438,20505.009018050623,200157.06557664552
434,71.75422557959624,-966885.8927251741,145458.0328601771,-656730.9282743768
435,150.23570520960283,-2024421.318430182,637659.841111681,-1294159.5529652624
436,7.409478041977518,-99842.47942719307,1551.0220695765456,-124507.96765031516
437,162.86155455712918,-2194554.2342158128,749341.6954999003,-1304526.224387587
438,-138.01014582148915,1859682.2970337584,538102.2107124957,1949096.0760558867
439,-170.3382439355155,2295302.384249579,819722.9194347961,2962882.1306058927
440,-5.554769889661878,74850.34644671672,871.7157486920332,41208.100093651425
441,38.40654489393073,-517526.9629948761,41672.85214460484,-713719.9280197957
442,-3.2694748094093113,44056.06839602071,301.9942944267168,-289907.93974390725
443,-206.74421000398766,2785871.611612916,1207562.0561249051,3945929.994713823
444,-8.912003951278841,120088.96795693085,2243.8482759367616,327115.7265279561
445,-130.44695005048533,1757768.47612867,480740.3835416916,2129309.7309893854
446,66.96725488300385,-902381.6158266703,126697.41096158489,-631056.6388702109
447,36.659824609684826,-493989.96307978657,37968.50633233762,-353265.24080518313
448,-93.98797863273552,1266485.003380597,249567.11910579028,1368745.8360737464
449,-51.38669173366936,692434.0261464752,74600.89955778525,550388.1126900128
450,-105.92135218889517,1427286.830044745,316963.8836033256,1736195.4045238816
451,-6.267909727317187,84459.88293045116,1109.9111460668792,86310.41912395558
452,95.51423205012384,-1287051.2193222542,257738.27839684975,-1261304.285773086
453,-98.57260463355436,1328262.6919809084,274508.1300318851,1510115.8313110617
454,50.40465155178444,-679201.0661321483,71776.78148278582,-1049652.44271294
455,-53.025761837244076,714520.4433230635,79435.85612309794,605889.0027383188
456,-79.28728322623441,1068393.6033692018,177602.8051012603,1450978.2369790494
457,-10.703035995455782,144223.06741860553,3236.359209746268,33347.14501247951
458,-103.52423224193741,1394985.7154948777,302779.7203393169,1552733.667172785
459,-55.364930534718205,746040.6666412452,86598.87805462035,512046.95034322597
460,-119.78778925888484,1614136.6256775036,405385.1601600987,1791497.4565286522
461,196.4725132916389,-2647460.827226363,1090551.9237874201,-1436152.304359842
462,3.526355197172861,-47517.52339800982,351.3135146738641,145613.45093674166
463,-69.97255079925856,942877.8820941935,138324.19739678898,1053310.675253573
464,21.3979910734222,-288337.2447327241,12935.664727467345,-6693.5172647842755
465,-11.232804969082983,151361.6873795363,3564.6687897005468,202927.0795816704
466,-22.0969599533223,297755.8280143406,13794.558458933025,119740.82662661819
467,61.41667000434252,-827587.6622692177,106565.1688984991,-968577.5000649374
468,75.75077100473051,-1020739.2143934728,162112.63384464313,-902007.2759645572
469,-53.050114761052754,714848.598191812,79508.83723675541,957325.0583971882
470,-57.581824064468,775913.2359885521,93672.81752059306,767014.5725816169
471,-27.505169715164403,370631.28143029433,21373.291297896707,62999.00076792261
472,-230.19211647355849,3101831.40068789,1497006.3371018572,4436025.531204022
473,-151.51910621985525,2041715.1059597512,648600.899285106,2697157.52395739
474,136.68742674445247,-1841858.6998129017,527837.0634115911,-1149704.9421581696
475,164.49677135012837,-2216588.728155746,764464.8182202384,-1234819.751554588
476,-24.90360395563783,335575.2661006777,17521.33321564953,159816.57574446616
477,57.65569630557664,-776908.6620727304,93913.31909636105,-613461.948430302
478,31.125015454353612,-419408.5868892026,27369.187085343117,-563877.347277477
479,307.88808084552375,-4148782.033436308,2678110.5472317534,-1043633.5912907352
480,111.95749114345769,-1508623.6092316555,354118.8640158521,-1060622.6805686366
481,-12.791759148076654,172368.54503702532,4622.780727563775,69846.70672330912
482,-95.55404406004259,1287587.6848814676,257953.18286029273,1449089.8912381164
483,-160.64463202575723,2164681.274072576,729079.9967306028,2326537.7476349026
484,20.346363586722312,-274166.59801360895,11695.43417096237,-117824.16237366023
485,-75.63507452843034,1019180.2080789448,161617.81281376956,1137316.2538167408
486,-142.22537095976742,1916482.3208364085,571474.5537319849,2169271.4662516583
487,-64.65728842425266,871254.891740473,118107.56654000201,1267331.7127480167
488,-108.1548003614395,1457382.4726737696,330471.75498399884,2087853.0388774935
489,168.71416350725647,-2273417.952468028,804166.232502107,-1082268.4582140506
490,88.16397569494505,-1188006.7502288995,219596.33071460493,-1038732.703549202
491,-0.7972641316617372,10743.108652526791,17.957554727148818,121363.99763075268
492,147.9944138890026,-1994219.9896321753,618775.9034516476,-1761897.1205334729
493,7.736830764761831,-104253.5468876623,1691.0986436445528,49032.26298022285
494,-86.12842013282636,1160577.7041905227,209573.18260565493,1187012.32983959
495,152.31240772696574,-2052404.8183732997,655410.377640978,-1538230.3555747624
496,53.891004368465865,-726179.558733572,82049.37968984398,-1075105.008509696
497,-103.72461543264565,1397685.872575106,303952.98545708787,1258557.1240421934
498,-19.03386780836082,256480.7594151372,10235.21204211496,36260.488288991546
499,-87.56182533847571,1179892.793451207,216606.93624826916,1091951.701844453
500,-138.27997309643362,1863318.2109260613,540208.3832585851,2191728.8842488164
501,92.61775475316415,-1248021.2804662848,242343.42641792458,-1155139.0193743254
502,190.94166404701306,-2572932.8107057717,1030016.4316647961,-1406396.5412751897
503,-139.85675738191412,1884565.328697692,552598.4422743821,2553768.466873819
504,56.29692366905709,-758599.2442919699,89538.96582179819,-596402.3861457555
505,-65.0642569121827,876738.7790876614,119599.04038907669,1075140.7998152294
506,-48.7125383764696,656399.8952618499,67038.49696934037,848315.7188725413
507,-59.23939242388692,798248.9165704842,99143.42958901648,518160.1532668277
508,-86.39907696798161,1164224.7963801103,210892.4112360028,1052404.0459634
509,4.852162794482699,-65382.73833067936,665.140624123349,16612.905013891443
510,-83.09501164110378,1119702.6218684954,195070.97416127753,1073006.3126395536
511,27.045682577983882,-364439.706965656,20665.153713110252,-137029.69737789762
512,-5.023810944913696,67695.69166302348,713.0324948274501,65398.21727681385
513,-23.894804686640974,321981.7282441157,16130.570097115182,429811.41679552506
514,-90.75636620415979,1222939.1293542776,232700.30067990534,1800414.884655022
515,-57.67713305683328,777197.5216096911,93983.16720677319,867685.8539030184
516,75.5391225825756,-1017887.2586801174,161208.01069078117,-817929.9022619843
517,50.09171876243807,-674984.3068131518,70888.30856475129,-886808.6040634061
518,-97.75552447985511,1317252.5630657664,269976.12966086646,1570970.9521356905
519,9.933230542922589,-133849.9635883425,2787.5571326031495,94512.80762057993
520,75.1387123371789,-1012491.7434411267,159503.50953771395,-1124081.2392960982
521,-166.94052811213717,2249518.2722955123,787347.2462418419,2697168.776653418
522,54.33601923799351,-732176.1198548665,83410.05023703491,-950810.7472842662
523,-66.26237589458468,892883.3940219507,124044.28337040055,1002577.6561592272
524,57.05986685931593,-768879.8793577574,91982.29785619373,-434602.2757245782
525,-76.32591565425169,1028489.2701345319,164583.689190038,1163123.383368054
526,-180.4882100664519,2432072.8529483783,920323.3115912126,3010307.2194626015
527,-162.75424378831627,2193108.2250412363,748354.526471931,2454091.1895742323
528,4.808494666138199,-64794.311699119215,653.2223324832958,-412731.22826162726
529,25.97225017214819,-349975.23965919396,19057.323302180157,-367351.1493504476
530,-90.43166251044087,1218563.757475665,231038.19177677575,1708216.1560569871
531,63.85924587773739,-860501.2939727132,115210.03749539703,-775171.5876346326
532,-166.152006226896,2238892.9651336498,779926.9473825293,3354175.4913421273
533,-6.607979864731657,89042.31714595832,1233.6164975925058,-17149.544928261108
534,-121.10161997624567,1631840.4525362581,414326.44365132763,2080458.9096461395
535,-65.18361078021591,878347.0686387136,120038.22778417089,1088401.13421115
536,4.739867131641402,-63869.5578686447,634.7096219682353,278132.8130282555
537,-86.04133652839523,1159404.2554084894,209149.60205673357,1153282.714605618
538,-38.45555442298254,518187.364829981,41779.27514971548,581252.7734185532
539,100.62928092144405,-1355976.3391229433,286082.62719157874,-697182.9190162377
540,-57.68918695231488,777359.9474654425,94022.45423761406,1411105.2287107105
541,83.5692112065142,-1126092.4458325647,197303.75594332453,-830680.1628559501
542,-112.9706854657618,1522276.3702908407,360557.2848028259,1562753.7804362508
543,52.98041779152828,-713909.4337585737,79300.05786588497,-923699.0374746243
544,144.15686206579005,-1942509.1016601494,587101.7666930889,-1169914.5712491185
545,-247.16445001272896,3330533.051818477,1725896.5408576243,4879102.608302214
546,-79.68952554704768,1073813.8057657834,179409.4145755584,1088856.7041483808
547,57.70721271805401,-777602.8440817456,94081.22058914753,-357119.5968845925
548,-20.304538604299267,273603.00771433854,11647.400176627794,255246.6238324237
549,37.114587337130885,-500117.8762744884,38916.34269463376,-668266.3238426084
550,-60.39851867158206,813868.1056528146,103061.2300102869,492834.3279218484
551,8.658978747289993,-116679.46143289565,2118.244532949291,23051.285006491697
552,-15.567723539207948,209774.57634475504,6846.8839644705,383713.995116823
553,116.77820616598073,-1573582.5898418687,385271.02317755297,-1088350.0160944231
554,25.442084330121315,-342831.27190928196,18287.238223076216,-174771.3367834264
555,33.76026620752022,-454918.5064298117,32199.896202965872,-298599.6423697436
556,-41.18769661224673,555002.8933703657,47926.72541757021,470834.5273491158
557,-48.76062240724935,657047.8260373652,67170.90937093052,705923.7125346931
558,-43.2558187819621,582870.7734036018,52860.56746344443,773902.215141254
559,39.44521423782968,-531522.999154558,43957.33809128747,-788764.6396506282
560,-42.098448082026295,567275.240271131,50069.69194078038,584241.6278817952
561,28.97748568964129,-390470.69205533795,23722.701643569977,-275516.5393932285
562,207.54007986454388,-2796595.9325069287,1216877.0649312886,-1332747.2126281972
563,87.11247034316925,-1173837.7492739765,214389.44802778203,-366348.4550381446
564,-32.60235321678412,439315.6659461663,30028.984334148292,258504.9244062995
565,120.12139221639448,-1618631.9148508173,407646.25879580807,-1233642.7763653887
566,-40.80753730215514,549880.2588363485,47046.08829926874,661688.8421985395
567,-203.8124535177854,2746366.2868112423,1173556.9803642463,3875444.9329832355
568,-100.80863109174041,1358393.07692642,287103.29813478654,1445544.3525790467
569,-187.07919210258558,2520886.1248981045,988766.4418127751,3665954.8947970746
570,-35.15134840413087,473663.29449852236,34908.14129554335,613163.2836294757
571,1.84183791895517,-24818.70699793939,95.83972664840985,-184869.2116584899
572,167.6437312275283,-2258993.9117648257,793994.2976626256,-1027350.8112868139
573,32.69273737641627,-440533.5896038776,30195.715044308512,-431046.9195905111
574,-21.910052880886425,295237.2611964416,13562.182940429484,571830.7611265001
575,82.94055811834893,-1117621.3655936616,194346.468636333,-1161871.1539044967
576,-221.1135309007885,2979497.750713893,1381253.4834856698,4336349.799859209
577,23.561455810856593,-317489.86281391635,15683.644473423832,-72603.32157922156
578,77.08651938869669,-1038738.3811081169,167880.25510210101,-1135588.5029363192
579,-147.85862457798416,1992390.2330130204,617640.9334954647,2662236.519790414
580,114.37540432069291,-1541204.9118938895,369579.634327373,-1078345.6874922116
581,33.84964074944141,-456122.8255211874,32370.60932856379,-473334.99050898367
582,-41.52879139008012,559599.1345827176,48723.82008542959,330700.3725230443
583,63.27818661062848,-852671.5389489952,113122.96941768646,-501496.6526259782
584,227.06928578043957,-3059751.3570645857,1456664.494570336,-1588860.690482524
585,18.186625505849516,-245064.19651028834,9344.30477087514,-390411.55898162816
586,24.82205863003361,-334476.4454485485,17406.776013911352,-398089.45799323916
587,-45.93608995402441,618987.3416476599,59614.34793724923,714625.225502787
588,-84.98443694647919,1145162.5673751042,204042.92921055038,1394232.8743498274
589,83.03358165442457,-1118874.8547644585,194782.65895028063,-660292.9400785433
590,-85.60838259088672,1153570.214960064,207050.0456950455,1305030.9026647883
591,7.156623721939247,-96435.27555892164,1446.9686243047327,33934.42110572843
592,-47.765744676511666,643641.8804631964,64457.85549734044,1299181.4438357868
593,47.89798257463919,-645423.7819073322,64815.24844818073,-640545.5287516271
594,33.36621052869483,-449608.61877195025,31452.597565570148,-585761.2798130717
595,103.75399442578993,-1398081.7535672598,304125.19332275237,-631451.9284291216
596,-51.0016398854747,687245.4648181368,73487.0861911748,1096951.31311986
597,-26.987493529337126,363655.61139785935,20576.326814289496,290603.09674249205
598,-97.87637157823075,1318880.9738478821,270644.0407254833,1115153.7336679576
599,-44.42932600761117,598683.7457035048,55767.63109686703,542280.4034081281
600,37.73004930448522,-508411.2065827316,40217.72426406236,-268991.6144186486
601,75.69886166453519,-1020039.7376960362,161890.5297936342,-649646.0137304668
602,-92.21653241776255,1242614.8223404742,240248.2992656622,1118235.770425677
603,86.96059201056603,-1171791.1936040006,213642.5348237597,-740351.0218339483
604,135.5637858804951,-1826717.6751404975,519194.54935461725,-995192.9642304765
605,41.34349032237009,-557102.2086270886,48289.97971233755,-347228.76398646046
606,187.6795812558066,-2528976.3495184043,995123.0785443229,-1236452.9323540512
607,-77.3789199103573,1042678.4687773166,169156.25962494896,1191757.3913986052
608,-124.4654703311417,1677168.2283866103,437663.68827527296,1886061.1243872945
609,-177.87202489042787,2396819.841449448,893836.4171980652,3072915.266811003
610,149.6044311489183,-2015914.9206704833,632312.3452414619,-1349306.7412240624
611,65.43656563540577,-881755.6272149342,120971.68847155012,-716321.7930141796
612,-5.558467091045507,74900.1661170082,872.8765460985014,465886.0048408382
613,27.99686263198203,-377256.8277445875,22144.27568781667,-502720.81529609207
614,-112.54890472983764,1516592.8883760937,357869.9996003208,1833973.7504897104
615,244.57519796168265,-3295642.963316452,1689925.5582294022,-1489798.7751962878
616,12.922118197522751,-174125.1290553237,4717.481059179932,-847224.357781939
617,10.93947946048929,-147409.13554102372,3380.929082359915,-145647.4572748699
618,72.5766623898692,-977968.2024161723,148811.58119620557,-648727.0137661212
619,48.100923173671326,-648158.3999828589,65365.647868058644,-506330.17685450957
620,22.38840242791314,-301683.0060299434,14160.838053899584,-609237.5807220761
621,-79.04744554453119,1065161.7982858133,176529.96166914934,1129118.900170733
622,47.14683571359957,-635302.102000156,62798.294194164104,-318492.8339344544
623,188.20244964750339,-2536021.984358721,1000675.5546749057,-1630154.0354342177
624,134.54200461549777,-1812949.2053034024,511397.42291674134,-1201610.6984533076
625,159.31866266393973,-2146813.879368344,717093.9381438955,-1752501.0499134655
626,-51.12156764311851,688861.4875133205,73833.0948022335,583249.2308122104
627,-98.96048202585808,1333489.3274256664,276672.7270909748,1549426.8517002936
628,-12.578692009964813,169497.47217156546,4470.063718606514,-137575.79255172834
629,5.572491228869461,-75089.14092525237,877.2866769402171,-53292.16729889246
630,109.41915184709485,-1474419.568469197,338243.4808050699,-1217022.3798133617
631,-169.24646297148192,2280590.6707087653,809248.5861596833,2887098.863981116
632,152.95503194606138,-2061064.1591542524,660952.5537275888,-1187731.735527434
633,-15.800789857898943,212915.13752831536,7053.429684719245,326239.35709894175
634,-42.68810699474201,575220.875244113,51482.13387879392,377718.8195270306
635,-101.21043752601675,1363807.40576587,289396.55128248036,1547715.316238544
636,-165.48566718657693,2229914.0678958585,773683.824753983,2924482.4090280756
637,82.31705839619146,-1109219.7267967465,191435.4800959283,-699693.8404493543
638,7.331796718840389,-98795.72608461538,1518.6705710497918,-245290.63328437827
639,-128.9960899741054,1738218.1830436473,470106.0494134899,1806192.785886126
640,-129.50787720636163,1745114.4996152266,473843.70608822186,2338364.719779205
641,-33.578469929012826,452468.8073964949,31854.042287766002,333390.5356647718
642,166.9021525289393,-2249001.1625403804,786985.3037314457,-1644224.5989988926
643,-25.959135136360477,349798.5149717864,19038.081659978896,432242.7018508139
644,-150.3142953118106,2025480.3175416458,638327.1506513101,2544789.7523521874
645,-24.57430640859443,331137.992195574,17061.03150181711,625502.5406922522
646,-27.27235697476705,367494.1372061234,21013.001546342333,345501.88877129863
647,-269.68866429415715,3634046.118226996,2054793.2549085324,5617298.126830195
648,-5.429486651781222,73162.15882677837,832.8375277753803,-24824.221071718668
649,-23.093453020867795,311183.5402002853,15066.781739941449,76838.68619497937
650,69.62063648134183,-938135.8479255685,136936.3429953931,-1346961.6162346194
651,184.8956094945345,-2491462.4191543553,965819.4429493165,-1483572.3209359609
652,112.65650295477573,-1518042.7710127546,358554.58347987663,-1276447.3535056948
653,-26.888869055483056,362326.6497697924,20426.211253448273,294019.45999694
654,-110.65259087416703,1491040.1198747696,345912.2331899267,1778212.2744294317
655,257.33598032498605,-3467594.097170271,1870870.6956565834,-1488085.8721212212
656,5.921843401448826,-79796.65026747473,990.7328974012344,-77992.37298451341
657,1.3929291912946202,-18769.676262952045,54.815177727472474,26408.09292994471
658,-2.412508711000328,32508.47765272386,164.42979944705803,-294803.00610332505
659,19.808476076785492,-266918.58103579254,11085.234312268294,-57513.48047871211
660,-14.436041192394248,194525.19294828185,5887.609156220336,-73592.39536530653
661,-57.366200688023625,773007.7178933903,92972.5885063071,658609.9260829026
662,-54.68589412403921,736890.672744315,84487.67935217055,881419.9877187408
663,-3.2753270215998387,44134.92676795001,303.07637428299495,423126.38148917066
664,-54.342477113376496,732263.1395189263,83429.87810544507,977346.795211972
665,-71.28457826771644,960557.4102317054,143560.15413533978,776699.5507809357
666,10.643022769189683,-143414.3911157828,3200.1676398398995,-32647.59953251286
667,-25.497721742085528,343580.98425446305,18367.307693139417,487775.11640454544
668,150.39929885826885,-2026625.73760908,639049.309693805,-1123433.6396202852
669,-265.09698083930124,3572173.3306594547,1985419.6234634016,5217543.115676431
670,109.15068519224619,-1470801.9888891296,336585.71442920575,-1233136.8329691554
671,124.6085192497629,-1679095.8079858215,438670.28544066055,-1080493.697393138
672,-207.33902324081495,2793886.700938304,1214520.482190431,3935921.3708121167
673,-34.26875940803488,461770.43602912035,33177.18326051708,537245.2468302635
674,-37.14408659957915,500515.3778916632,38978.22993168677,743235.8728341279
675,-140.75116947178213,1896617.502977197,559688.9991168957,2135704.9256748213
676,-77.78166875908754,1048105.4966213645,170921.72202678793,1384464.2229158224
677,-111.05758454658289,1496497.3966461213,348448.9770054277,1521599.946775066
678,175.22704434236226,-2361178.8132340396,867451.1314418451,-1597296.2263887017
679,93.56783931474611,-1260823.6395199767,247340.90662435337,-1172361.8185597798
680,127.15550949941588,-1713416.420066935,456786.34370450815,-1087963.784926773
681,72.16720640432351,-972450.7961182414,147137.21615667338,-918105.546394594
682,-112.90517712172291,1521393.6474519365,360139.2531261125,1851283.5007048547
683,-52.45202662797737,706789.3797443152,77726.1744160942,961888.4125411111
684,48.93745612279181,-659430.6546935887,67658.9925506924,-684163.3638174454
685,-122.21278088919453,1646813.3102683246,421964.5819335482,2218565.288802206
686,71.29984301723881,-960763.1022428719,143621.6441372385,-1040719.4350847522
687,-24.032539815813504,323837.7047006084,16317.066660876735,387194.77563959366
688,-37.48208075495975,505069.8383157194,39690.825430901255,595552.5691804113
689,71.09599682034914,-958016.2812652049,142801.58974040754,-890080.6473090841
690,44.42633114860398,-598643.390074253,55760.11306415056,-512733.1573444161
691,-36.096616581907995,486400.7529346235,36810.84099185432,460772.2373128581
692,115.93298033642482,-1562193.1988455434,379714.12079581316,-1012198.7269647412
693,-108.10633275998974,1456729.3732957544,330175.6315691271,1561774.6587886943
694,61.59356069442638,-829971.2586555625,107179.90533599409,-413953.38329340535
695,59.31012579683838,-799202.0465067242,99380.33059680928,-719107.4045760732
696,-30.95464393139903,417112.8360712364,27070.381247757585,-60135.25429344988
697,32.6133022242118,-439463.20347076026,30049.15728175739,-270912.2514825178
698,-125.1113576385303,1685871.5391778545,442217.8008048828,2294168.5213323124
699,92.4027019206901,-1245123.4504328594,241219.31939166563,-1104429.8010628694
700,-18.490213644298905,249155.03695758426,9658.876323996024,118797.92370567966
701,-52.27230205190396,704367.596834978,77194.43629122176,657801.6489892418
702,104.90092258368894,-1413536.5737800663,310886.14116135775,-1225475.6237469153
703,-70.43436905427592,949100.8682970607,140156.099895176,783627.1276442914
704,-140.84612963635595,1897897.088155013,560444.4612323381,2093316.2609782568
705,-155.66291735239037,2097552.828321081,684562.4570983923,2604501.581157799
706,60.600995134563966,-816596.4695099219,103753.38111702225,-709001.4023750123
707,-128.04293524962833,1725374.4536432244,463184.4698222957,1979882.548763087
708,175.47941819843646,-2364579.542865775,869951.6545883254,-1787034.24624909
709,-208.1929407883722,2805393.2125564623,1224544.9914575065,3977021.9226963213
710,169.64563682900385,-2285969.525660722,813070.3714320667,-1305192.8718330858
711,21.10174672026184,-284345.36155711225,12579.96864809352,-423408.8505279359
712,-9.67131118703924,130320.608652244,2642.4906651276397,42637.215298592804
713,-54.49190868089497,734276.72510771,83889.34183088422,1188241.9026226755
714,39.91361143520709,-537834.6363951251,45007.49034141761,-541770.3360438776
715,-3.7634702424848365,50712.6410431821,400.1471422989489,129678.880374028
716,110.33018820165215,-1486695.7541832228,343899.43695721705,-919364.6435897371
717,11.422764866203966,-153921.39091234165,3686.2536954762472,-255370.83587725065
718,15.03017614618776,-202531.14243150255,6382.207021843613,-289824.5567084481
719,-36.361221221385584,489966.2919811945,37352.49950301589,409960.8151284877
720,-5.694562372106746,76734.04567269525,916.1433952616062,152782.1021555176
721,30.78017688920592,-414761.89826263476,26766.092188782583,-614444.6828956759
722,-171.01683926566258,2304446.4346004613,826267.1710349428,3132776.515388932
723,-134.8185422105713,1816675.5405446368,513501.8356138405,2190895.3414750523
724,74.32640940227151,-1001545.9873962791,156073.45812767302,-1036703.2423668988
725,17.086543812794186,-230240.6309116251,8248.048306504294,-167143.30491311153
726,-18.398333635267914,247916.95677710793,9563.122676028783,31491.142677594773
727,1.8433933065393158,-24839.665795845474,96.00166365870973,10768.625558740927
728,34.75817053616711,-468365.2353139212,34131.59362043033,-673716.3597566031
729,-53.97596803093615,727324.4413655454,82308.29901172896,762372.95984323
730,-77.83047254023127,1048763.1260099947,171136.27754884912,849070.6583846493
731,19.584525509768156,-263900.8543142259,10835.996467751218,-286622.7010689974
732,-97.8372777615032,1318354.18591893,270427.8824163708,1488952.337035752
733,40.82527557144718,-550119.2814472304,47086.99728877511,-518888.52950726036
734,-170.25836042378404,2294225.9564861883,818954.2489434998,3151045.2617267068
735,102.91556373256437,-1386783.9268154635,299229.8131298148,-1337340.8069667541
736,47.25974824130431,-636823.5946964787,63099.447170567466,-189863.15096079936
737,25.602973431387564,-344999.24739854434,18519.256967396766,-79637.0624758026
738,98.26909839455139,-1324172.955126031,272820.3047665707,-813632.61578568
739,166.54744444625766,-2244221.482480981,783643.7840117826,-1677486.3266003733
740,101.43700650181304,-1366860.415461914,290693.683716126,-1427293.0865804711
741,-184.08742313316455,2480572.133806147,957394.6223833575,3336784.2713177325
742,-127.95769667357015,1724225.8665594547,462567.988433301,2123148.3038985813
743,-62.48185776956789,841941.0333073788,110293.67675162433,903810.3206429576
744,2.6091050210833786,-35157.60663775158,192.32062776223756,-305152.9064319753
745,51.7659020469123,-697543.8729783356,75706.00327508,-230283.23108492402
746,-72.57438131534656,977937.4650100002,148802.2270881238,1063995.0587356286
747,18.676676447707834,-251667.61726456694,9854.666627491533,-444089.99670280545
748,-75.53829323533226,1017876.083252562,161204.47089098557,1123512.1556151214
749,-61.151780299194826,824018.2819718672,105647.92143002199,833590.5988837838
750,-140.66610968482223,1895471.3250708033,559012.7327371265,2198950.1085999417
751,-92.32332461109043,1244053.84372699,240805.0649150093,1852021.4779315821
752,-135.16846056163337,1821390.6791237893,516170.8586586125,2022227.9959545305
753,-97.58732529773327,1314986.0844709815,269047.8813969614,1698737.6052951883
754,105.36417966078396,-1419778.948064371,313638.0371055659,-677556.470617584
755,-94.9398888831943,1279311.963533461,254647.9503784168,1389696.4356362436
756,263.2382064837391,-3547126.405720397,1957674.992360069,-1698946.3021034552
757,49.33179008808892,-664744.2922527484,68753.76675921818,-557769.7649281215
758,18.48361236948739,-249066.0849908158,9651.9808368558,-365926.66351577285
759,-85.83577801812136,1156634.3610627837,208151.45101912157,1081075.7851987379
760,70.03098794089914,-943665.3207071401,138555.335063486,-1076589.418846686
761,-57.5637826237774,775670.1281527797,93614.127895655,468496.69598008157
762,12.200981464536143,-164407.8346629926,4205.641809604742,-244565.4849665542
763,256.0084538268795,-3449705.7201043903,1851617.8555977691,-1548635.7518208546
764,-9.605989972464988,129440.40737688556,2606.9158026156656,491703.2293057024
765,114.92733262856758,-1548642.1281744519,373155.1168084254,-1086854.3264145423
766,-70.31764251258875,947527.9818844169,139691.94068146357,1161436.154893844
767,-3.49884904969617,47146.878941274255,345.8542837006753,-384644.8257073116
768,177.080063563551,-2386148.187921646,885894.6627088934,-1408825.714301888
769,-62.696705778776746,844836.1033538625,111053.48507061484,936763.4067735333
770,181.24485579969286,-2442268.6299824407,928055.8759514822,-1519176.7065837483
771,70.77519354554755,-953693.467406645,141515.7828390511,-770651.5911945836
772,-56.24667758942677,757922.1799774035,89379.20667334273,534501.4844648995
773,63.240773905552096,-852167.4039457275,112989.24291945877,-570691.2577601627
774,97.255444962673,-1310514.007580029,267221.00753412955,-922657.5426042243
775,62.180996221719646,-837886.9335811511,109234.06565545686,-514351.91749356576
776,-157.02247198904564,2115872.7835286376,696572.5675332462,3017159.7942961026
777,-72.71371758248685,979815.0167493537,149374.14929424028,1232963.7913275976
778,-24.751863555150475,333530.56906154734,17308.46488816105,363055.478785897
779,-7.443342910004629,100298.80743979341,1565.2322986845102,188124.2515382441
780,62.0672097550678,-836353.6645854921,108834.65146990272,-592591.501007289
781,17.770100093325382,-239451.52991012594,8921.183960510622,-3735.980939188279
782,-133.53443587101015,1799372.248725211,503766.51729989913,2299123.291681888
783,38.01978510059632,-512315.38716045336,40837.77408874442,-66474.87529863801
784,61.058574528382316,-822762.3371938246,105326.11586195522,-763875.8080355007
785,55.97904479310399,-754315.8366142793,88530.66243653814,-619326.4232429339
786,108.07807255546219,-1456348.567944397,330003.0309258865,-756408.8540735994
787,83.3922154548904,-1123707.4337453323,196468.88040580682,-768746.2432194726
788,45.918007922843664,-618743.6868563322,59567.42464271432,-293598.33395535836
789,-7.016571145864702,94548.0715796092,1390.8894505171338,61375.09570496345
790,-166.09609335159914,2238139.5409288793,779402.1192839327,2654018.5580630694
791,42.96182191325859,-578909.1750091008,52144.45441682637,-173896.30884702443
792,20.768768716311115,-279858.4936129993,12186.086226264015,-240360.30008506763
793,27.157883719537345,-365951.6137563629,20836.971406318888,-270060.7629042893
794,-127.67485758203094,1720414.6188550657,460525.3178251656,2049247.731431194
795,-108.10565404082624,1456720.2275767531,330171.4857282818,1692393.747591315
796,105.31528533329036,-1419120.0985665752,313347.0167073088,-842412.116653564
797,-3.955515385665504,53300.44319988984,442.02710704695346,74418.07182341511
798,68.15006973726244,-918320.0081241354,131212.54402932245,-466641.5024990572
799,2.8318376130461176,-38158.92118444669,226.5580189347893,-225324.6247975131
800,2.975613949574519,-40096.30271667172,250.14735711018875,-64112.61006982799
801,93.82838059759978,-1264334.4249661146,248720.27454059338,-1360675.7182897567
802,-51.604472821737396,695368.6193366942,75234.56916711386,564414.3110400832
803,9.612077694098337,-129522.43923101791,2610.221074966452,-5856.044656321088
804,-46.22752887050425,622914.471717831,60373.18722802494,1033584.8907805923
805,-43.449622743231565,585482.2755777539,53335.30300899991,983297.124739798
806,-30.91721234686394,416608.446667867,27004.951671974384,870796.3729693095
807,22.213377163371284,-299324.5461930619,13940.293835719232,-321732.970791017
808,-47.87486216634773,645112.2351457237,64752.6907682938,643940.8281392391
809,125.57561255735207,-1692127.359347485,445505.79484827537,-933793.6644386536
810,-89.4607302219504,1205480.4759692482,226103.67660077475,1247527.2910389723
811,-18.687164416135904,251808.94230339964,9865.737596418243,356939.4989973938
812,-43.9731058274175,592536.1933796842,54628.217361317365,641240.989447731
813,144.6977884353733,-1949798.067174423,591516.0506256605,-1731302.20122812
814,19.65547765115746,-264856.9321481628,10914.65345136472,-399917.9351063659
815,103.18445394686348,-1390407.2138455668,300795.4670620051,-1115222.962953735
816,-148.5560373036972,2001787.847166781,623481.1950364264,2670229.163713529
817,26.705026586925882,-359849.3783910564,20147.853119801846,68229.45443758409
818,88.96307956234371,-1198774.6492615885,223595.14174888702,-813518.7233599322
819,8.228398927542418,-110877.41214529995,1912.8170075683447,-90879.24296192462
820,106.54803750653512,-1435731.394638811,320725.6224076806,-727035.855500188
821,-51.72884501003722,697044.530592695,75597.65256947256,792776.6462707191
822,140.93474401855798,-1899091.1641185065,561149.898618211,-1342924.7097325227
823,229.889812361925,-3097757.8624608354,1493076.9756873855,-1441013.4968170044
824,-36.283856043965905,488923.7986920392,37193.719991088845,737877.6736660379
825,-44.550252140077184,600313.2214674584,56071.61686566158,604153.4742948416
826,145.3384477117701,-1958430.9304154098,596765.6012259389,-1498583.3813751852
827,157.95721457307124,-2128468.409925877,704890.5369943792,-1216025.2327132435
828,-52.28600271532683,704552.2128360226,77234.90719262115,478708.6914657753
829,-42.01868170958573,566200.390955935,49880.13179492194,546680.1695916367
830,-28.178460886050722,379703.8584049319,22432.47968362656,410422.9790525662
831,-134.44505110342772,1811642.7598318849,510660.6431790772,2235384.0693165553
832,-91.86519464841983,1237880.557145428,238421.1321659449,1449758.8998653872
833,-100.41407667520679,1353076.4687939053,284860.31171205034,1285891.122739857
834,-76.77975651041284,1034604.7611431801,166546.76746624382,1124961.7878526752
835,-3.468488738678118,46737.77472218489,339.8782115881113,184815.57736588045
836,23.421473253652074,-315603.60233663616,15497.839746525453,-339000.31393402786
837,155.0500492814077,-2089294.4506834117,679182.6200604932,-1240340.2039257898
838,-99.8354040738791,1345278.8740151888,281586.549997197,1438973.0965797347
839,98.43223984765838,-1326371.2809842462,273726.90199631033,-1155139.4479542768
840,-21.398884422550896,288349.2825836358,12936.744857466605,343399.77323752386
841,-4.946370965243295,66652.1904159342,691.2197128096595,69366.57726359775
842,67.48194921666038,-909317.105496558,128652.4272022926,-263305.4030093895
843,-112.27220215622987,1512864.3300543912,356112.50893499586,1816521.9587257244
844,38.24097461840506,-515295.90883231943,41314.32402534038,-389877.2671941631
845,16.64522082130561,-224293.81772872436,7827.478237724805,-255468.6370467252
846,49.24512640081491,-663576.5018409651,68512.41240459553,-287094.5397079226
847,28.91686439078181,-389653.82199378475,23623.549029851274,-561774.9805099102
848,245.53001399108942,-3308509.0787476217,1703146.1766032013,-1249678.9087774577
849,-63.773998425131595,859352.5872777483,114902.64874772925,792418.6588028709
850,-53.09969550018176,715516.697064422,79657.52491012227,721883.4433345546
851,-62.31405264247643,839679.8645915141,109702.04928724433,1086110.6598611234
852,-55.54771191602546,748503.6399032556,87171.61573218624,394357.93479352864
853,-63.73871273065177,858877.1136741803,114775.53430554003,1258556.905677434
854,118.90165311075519,-1602195.9694479979,399409.6304542031,-1342117.9550489138
855,142.0504247989855,-1914124.9269201597,570069.5190421576,-1559259.916193944
856,-57.074629374947634,769078.8037833244,92029.89929100953,1002823.5939875705
857,-83.23555731042288,1121596.4702634935,195731.41251770663,1049260.0149146111
858,47.141555638640405,-635230.9531591043,62784.22915126255,-482477.1697371234
859,-55.22230442809713,744118.7844202007,86153.27642206091,660733.1405116434
860,63.29318177555108,-852873.5983163096,113176.58974599943,-773702.0900056299
861,20.292302085129972,-273438.12101024156,11633.365808015456,-186898.49249590887
862,-151.5744114997232,2042460.3428355672,649074.4712552091,2419276.765563599
863,154.75052013300618,-2085258.3049970763,676561.0344162807,-1410487.2185145621
864,179.5877673095522,-2419939.4156236714,911163.3636812253,-1118768.269682219
865,-61.27886904843862,825730.7987996269,106087.50353592727,611856.8506892931
866,-38.770155993598415,522426.61092316394,42465.656611663755,898851.0306754557
867,28.5865390724905,-385202.6989040159,23086.915062184387,-493705.04249982117
868,33.4456789987025,-450679.45386139926,31602.597597957298,-563562.9581763427
869,65.85442726728304,-887386.2993281059,122521.61165891471,-552541.8319737135
870,201.02045387663497,-2708744.1810228173,1141624.4074580863,-1472157.3845498085
871,-17.69472274940494,238435.8226137393,8845.660588622937,504357.17951699643
872,-79.82972445384537,1075702.981546906,180041.2449105275,1225787.3712798832
873,-137.9319228014527,1858628.2443428033,537492.3997299045,2537416.083662353
874,-73.0930039941919,984925.889005555,150936.53254968545,985524.9479547187
875,-3.3126972873797094,44638.48990305577,310.03180655986944,-215708.37343461456
876,179.45578635177876,-2418160.976442582,909824.6085260906,-1631539.3788916538
877,-51.761129903617146,697479.5685001968,75692.04569957207,926173.3984647355
878,22.378795163889848,-301553.54845477245,14148.687323597958,-186761.40297900682
879,-1.6422896072752073,22129.799885891258,76.19776552270923,336105.7924586589
880,118.83932734480841,-1601356.1317470055,398991.0158064859,-968701.7410121022
881,252.69324258736216,-3405033.3547767554,1803972.876713298,-1506717.850112485
882,-53.08687729203207,715343.9721199349,79619.07107406261,597757.340307412
883,-48.94394425182222,659518.0820245788,67676.93420146569,992061.9987077547
884,104.4160877069072,-1407003.4393357206,308019.0524999178,-961180.5570345051
885,68.18914896263115,-918846.5994349944,131363.06932681904,-551724.8472172694
886,184.67073257360335,-2488432.209843454,963471.540524662,-1452451.4638357917
887,58.392818532596394,-786841.3604854385,96330.01408008952,-462220.90076326084
888,-35.92920907870595,484144.9421879402,36470.19293855672,318867.60704281274
889,59.06548306923093,-795905.4935835928,98562.17240561335,-545739.9662082759
890,110.87035805829078,-1493974.5257097846,347275.1015410749,-1115549.00921867
891,82.0482181197364,-1105597.1126774934,190187.09908271127,-993236.4077462718
892,50.727403110729774,-683550.1330571774,72698.92799114983,-434472.16696331586
893,106.66746895891539,-1437340.7296364561,321445.03866342176,-1030260.2917120156
894,116.92955904456728,-1575622.065035791,386270.34776875726,-1124218.4335334864
895,138.21589910375272,-1862454.8159257905,539707.8727662,-1272091.3626535332
896,64.87098875896427,-874134.4969098452,118889.57695711788,-929421.2149934157
897,-16.711808031685436,225191.0782570365,7890.22927776273,425175.6965110139
898,14.671368643332285,-197696.22281648885,6081.126056160167,-626159.6879219313
899,120.65089665083569,-1625766.9701546852,411248.05262485915,-1245267.320010538
900,-81.69356709872362,1100818.2015222546,188546.49615471018,1286752.639107703
901,36.867330887290116,-496786.1035279321,38399.55047857121,-575576.5134558564
902,-39.33388123273607,530022.7904748574,43709.55157578399,650851.3715987921
903,2.8744822934817487,-38733.55688819694,233.4328768424166,-230214.81088750204
904,127.84518626072986,-1722709.7923480584,461754.89416471706,-1294036.9243974157
905,19.109906801990334,-257505.3824201732,10317.153327946085,-107822.64972937063
906,4.643654815614881,-62573.0999900872,609.2038019936299,-202508.47182328135
907,-135.98561409799194,1832401.7968679164,522430.68876241334,2629491.9965080568
908,74.62535660272206,-1005574.2913526042,157331.4646540921,-505443.43264969706
909,64.54841811410753,-869787.8677963687,117710.16101363278,-449529.32237612666
910,216.325472330546,-2914978.8147527785,1322081.0126372555,-1602661.4088737697
911,-30.777823495300083,414730.18635508924,26761.999376036576,118911.78038521057
912,21.9150327663939,-295304.3649942412,13568.348675759626,-741163.4314831523
913,24.938368371075526,-336043.7154858398,17570.285492644645,-380938.51972957613
914,157.74532797634743,-2125613.2448178297,703000.7001497957,-1497453.1376287548
915,-9.52955323869521,128410.42483619179,2565.5933906655846,436267.883388794
916,27.902152577033924,-375980.612785972,21994.706204911286,-363866.0162892814
917,60.78965097165393,-819138.600875554,104400.37208323018,-514647.6643866441
918,18.660912315635812,-251455.1960895298,9838.037897574453,-156254.65424627834
919,-44.643361455052826,601567.866506187,56306.23935458332,661988.0654732395
920,19.40899928983076,-261535.64411942585,10642.631746359926,-239618.3179394691
921,107.36317498597721,-1446715.3460805253,325651.7670364473,-621261.7381236722
922,-102.65152994110602,1383226.0799276785,297696.411732306,1427095.7773176185
923,13.296967414687598,-179176.21025713696,4995.143346288503,60254.038269070414
924,-70.01208149391732,943410.5569392839,138480.53287763032,1003653.1844620353
925,119.50466289248425,-1610321.5069535535,403471.11552039464,-1566916.9228366637
926,-152.31869047837748,2052489.4782474525,655464.4489469766,2796788.9956967826
927,-55.892184727158835,753145.4000061888,88256.13780788693,1326080.2560655267
928,37.72118750645209,-508291.79413791455,40198.83430755872,-407489.4229166694
929,156.55240292343404,-2109538.6179171335,692408.2323663109,-1670798.4943032172
930,-6.575026107298781,88598.26631944928,1221.3431753722834,-374281.28151933383
931,-55.51995266931984,748129.5849425122,87084.51173934818,990378.6931868691
932,188.115706944059,-2534853.1292065713,999753.3424546006,-1507186.4464440998
933,-144.80139004162442,1951194.0955022147,592363.388406921,2627190.331212397
934,-219.8805956620082,2962883.987839426,1365892.6133515695,4171325.139391221
935,44.00144500533324,-592918.0628949194,54698.652123518055,-1105882.6975042173
936,-50.20542243526112,676516.4601646181,71210.49391894997,916950.4282541677
937,-102.12328171307134,1376107.951964925,294640.3837194061,1612071.7622992452
938,70.83564472993534,-954508.0451811379,141757.63170461473,-854045.2663625838
939,24.380071377119883,-328520.68136420776,16792.396967844223,-398825.96015203465
940,-56.407863073672836,760094.1492178312,89892.20668646111,830188.1084812775
941,-128.03043986708943,1725206.078763509,463094.0722580196,1991454.9476769145
942,87.24573282801447,-1175633.456991335,215045.88500739925,-805409.1350004441
943,65.0201177958661,-876144.0059082543,119436.82520091056,-823489.6784886023
944,-9.917586377938292,133639.15896597222,2778.783619719412,213467.47955070995
945,184.6636996047666,-2488337.440813515,963398.1565488051,-1579345.6832288518
946,-107.00847663261527,1441935.797123397,323503.593940669,1867420.5517960032
947,-152.5525170924739,2055640.2843872625,657478.4194184267,2555311.2924107783
948,-69.19080698812445,932343.9092639479,135250.70532243268,1252396.5447455503
949,-4.55860163554978,61427.01111138924,587.0918218820298,-151402.57609741422
950,24.333944932269183,-327899.12899642094,16728.915542838804,-172234.8751762259
951,-24.12360578563299,325064.8157287684,16440.96074875357,596704.773181935
952,35.20553965142968,-474393.51982113114,35015.85687346617,-728818.0922657984
953,-125.1539424190444,1686445.36773208,442518.8918212459,2213388.9686562754
954,144.37646040732594,-1945468.1822826748,588891.8274814582,-1262464.4437693744
955,-8.21511783925688,110698.4499057998,1906.6472071458265,295019.8946252259
956,111.72958315881276,-1505552.5564342402,352678.5964630563,-1495641.6299331137
957,34.27253463777041,-461821.3071289559,33184.493614911975,-52283.26618139195
958,45.6753219153784,-615473.5006744791,58939.43666207965,-1142235.4056911666
959,56.976728023220396,-767759.5862027683,91714.44830196397,-939112.6037383587
960,44.770856001731495,-603285.8514413913,56628.30243010679,-489663.7522734886
961,64.2722759867544,-866066.8614700068,116705.17261612811,-647266.5684858122
962,132.91525301324316,-1791028.7795377686,499105.54106535553,-1238680.8701494536
963,19.652116970147013,-264811.64707912743,10910.921409496106,-310137.4223329702
964,70.90037575885123,-955380.2937236427,142016.8319999379,-830934.3120597764
965,-8.973569428722673,120918.56079468365,2274.957047798598,-79446.68365342944
966,144.01172154494728,-1940553.3377879579,585920.1460871361,-1281740.1936164391
967,-67.63923020592698,911436.4617921261,129252.829583894,1020908.0837012818
968,180.09404329108156,-2426761.46826813,916307.927355377,-1349187.9612453673
969,-4.015795064434341,54112.70994165741,455.6022183641544,221471.80718577033
970,-143.07751021180482,1927964.8699793627,578343.015337406,2189205.03998029
971,12.810441491078928,-172620.28901093127,4636.293715369364,-143272.90326161095
972,-68.10516574748809,917714.9282993698,131039.68945548078,1605659.9964101976
973,84.06435489887241,-1132764.4912368027,199648.71347410954,-923939.8594145239
974,-65.26239793023909,879408.7229631816,120328.58253283403,786200.3667568194
975,-44.61834332147797,601230.7479571338,56243.14901997731,573708.7432045657
976,-188.9540730945531,2546150.0862471275,1008684.3037963961,3529922.7792364913
977,-45.23063192490767,609481.3172880766,57797.36743715592,330210.5148219861
978,-242.38793266289568,3266169.633432925,1659834.303961719,4675952.807097425
979,-158.39028234857233,2134303.984337608,708761.0008702446,2878841.0869136266
980,76.04146561442974,-1024656.3149536015,163359.2400540643,-918564.1442035799
981,78.58001586508323,-1058863.1983183736,174448.39218479756,-670145.9045129884
982,42.545756178496475,-573302.7025520667,51139.35434674745,-316681.45760964736
983,-96.69761431292129,1302997.257431617,264164.38539968827,1591251.953960812
984,-4.771135614197985,64290.89967014385,643.1114900718894,-130006.65511021882
985,-0.36025390905684046,4854.40989227546,3.666571435383048,-67106.41825995022
986,-115.83646891925427,1560892.710588645,379082.1782020258,1848153.5174322715
987,150.33983017671505,-2025824.3990288242,638544.0426239879,-1447629.9956407049
988,87.73622905756714,-1182242.8779830406,217470.66143605928,-1030322.051061763
989,-22.096417382966397,297748.5168961633,13793.88104207383,509077.63599666243
990,2.6885838994530777,-36228.58197954572,204.2160792277573,-293069.2015647463
991,20.83828079475525,-280795.16664484853,12267.795234801073,-525965.8329104435
992,-204.17348684242907,2751231.1993036,1177718.3398489156,3633119.277868074
993,-24.717738252059693,333070.73169480095,17260.771554607956,95769.88725522753
994,-68.19842479977986,918971.5910436399,131398.81065323274,890109.2698089306
995,-100.16200098949156,1349679.7569982116,283431.90185549436,1580797.2070587187
996,-28.11002928859549,378781.7448198203,22323.65710196027,168128.541244617
997,179.7686526849523,-2422376.8402667763,912999.7819747669,-1432303.7094014552
998,64.08428612670099,-863533.7041236232,116023.46954922366,-450840.7605136214
999,-57.11789897827968,769661.8603030992,92169.49219738063,841806.5596853936
1000,57.25827813561586,-771553.4649544578,92623.10045771115,-490610.7220845843
